n_objects,coverage_rate,container,shape,padding,alpha,beta,n_threads,i,run_time,setup_time,n_total_steps,object_scales,time_per_step,iterations_per_step,fails_per_step,errors_per_step,implementation
8,0.3,sphere,normal_red_blood_cell,0,0.06,0.1,128,0,4439.710250139236,0.5111541748046875,1171,[1. 1. 1. 1. 1. 1. 1. 1. 1.],"[ 1.23531882  1.26849437  1.32652819  1.35764304  1.3631016   0.
  0.          0.         29.62433107]",[  2.   5.  28.  12. 157.   0.   0.   0.  62.],[  1.   4.  26.  10. 151. 298. 294. 295.  21.],[0. 0. 0. 0. 0. 0. 0. 0. 0.],irop
8,0.3,sphere,normal_red_blood_cell,1e-07,0.06,0.1,128,0,10431.50976896286,0.7310371398925781,708,"[1.         1.         1.         1.         1.         1.
 0.01125917 1.         1.        ]","[2.64733219 1.25636804 1.29640174 1.31050217 1.3569853  1.47468691
 1.5078768  1.5707344  0.        ]",[  2.   3.  15.   3.  56.  70.  90. 162.   0.],[  0.   1.  14.   2.  54.  64.  88. 157. 198.],[0. 0. 0. 0. 0. 0. 0. 0. 0.],irop
