n_objects,coverage_rate,container,shape,padding,alpha,beta,n_threads,i,run_time,setup_time,n_total_steps,object_scales,time_per_step,iterations_per_step,fails_per_step,errors_per_step,implementation
8,0.3,sphere,normal_red_blood_cell,0,0.02,0.1,128,0,499.8685417175293,0.5107791423797607,223,[1. 1. 1. 1. 1. 1. 1. 1. 1.],"[ 0.6440448   0.61094946  0.62752715  0.64295877  0.69023416  0.61525936
  0.67285478  0.68921169 30.49206795]",[ 2.  3. 21. 24. 51. 93.  1. 14.  6.],[ 0.  3. 18. 24. 51. 78.  0. 11.  1.],[0. 0. 0. 0. 0. 0. 0. 0. 0.],irop
8,0.3,sphere,normal_red_blood_cell,0,0.02,0.2,128,0,1167.7085480690002,0.8551785945892334,698,[1. 1. 1. 1. 1. 1. 1. 1. 1.],"[ 2.00073377  0.63550508  0.66187349  0.67220998  0.69705004  0.75853513
  0.          0.87309987 28.74576263]",[  2.   1.  64.   1.  17. 163.   0. 138.   5.],[  1.   0.  59.   0.  16. 159. 287. 132.   2.],[0. 0. 0. 0. 0. 0. 0. 0. 0.],irop
8,0.3,sphere,normal_red_blood_cell,0,0.02,0.3,128,0,11032.813786029816,0.7496337890625,990,"[1.         1.         0.15764321 0.07024887 0.08984265 1.
 1.         1.         1.        ]","[1.38840351 0.63897379 0.66446273 0.71567424 0.72601054 0.80906057
 0.84669609 0.         0.        ]",[  4.   2.   2.  21.  39.  63. 253.   0.   0.],[  3.   0.   1.  21.  39.  63. 241. 297. 209.],[0. 0. 0. 0. 0. 0. 0. 0. 0.],irop
